feature,gain,split
seconds_viewed,1341864.9800872803,20
sport_match,11061.766387939453,4
dist_score,5482.101615905762,16
day_match,4726.203842163086,2
pos_decay,2691.355743408203,7
cost_within_tol,2179.7460327148438,2
skill_match,1625.0089874267578,4
hour_match,818.2161979675293,5
neighborhood_match,0.0,0
